,Single Filer,,,Married Filing Jointly,,,Standard Deduction,,Personal Exemption
State,Rates,,Brackets,Rates,,Brackets,Single,Couple,Single,Couple,Dependent
Ala.,0.02,>,0,0.02,>,0,3000,8500,1500,3000,1000
"(a, b, c)",0.04,>,500,0.04,>,1000
,0.05,>,3000,0.05,>,6000

Alaska,none,,,none,,,n.a.,n.a.,n.a.,n.a.,n.a.

"Ariz. (e, f, u)",0.025,>,0,0.025,>,0,15000,30000,n.a.,n.a.,$100 credit

Ark.,0.02,>,0,0.02,>,0,2410,4820,$29 credit,$58 credit,$29 credit
"(d, g, h, j, kk)",0.039,>,4500,0.039,>,4500


Calif.,0.01,>,0,0.01,>,0,5540,11080,$149 credit,$298 credit,$461 credit
"(a, h, j, k, l, m, n, nn)",0.02,>,10756,0.02,>,21512
,0.04,>,25499,0.04,>,50998
,0.06,>,40245,0.06,>,80490
,0.08,>,55866,0.08,>,111732
,0.093,>,70606,0.093,>,141732
,0.103,>,360659,0.103,>,721318
,0.113,>,432787,0.113,>,865574
,0.123,>,721314,0.123,>,1000000
,0.133,>,1000000,0.133,>,1442628

"Colo. (a, o)",0.044,>,0,0.044,>,0,15000,30000,n.a.,n.a.,n.a.

Conn.,0.02,>,0,0.02,>,0,n.a.,n.a.,15000,24000,0
"(i, p, q, r)",0.045,>,10000,0.045,>,20000
,0.055,>,50000,0.055,>,100000
,0.06,>,100000,0.06,>,200000
,0.065,>,200000,0.065,>,400000
,0.069,>,250000,0.069,>,500000
,0.0699,>,500000,0.0699,>,1000000

Del.,0.022,>,2000,0.022,>,2000,3250,6500,$110 credit,$220 credit,$110 credit
"(a, h, m, s)",0.039,>,5000,0.039,>,5000
,0.048,>,10000,0.048,>,10000
,0.052,>,20000,0.052,>,20000
,0.0555,>,25000,0.0555,>,25000
,0.066,>,60000,0.066,>,60000

Fla.,none,,,none,,,n.a.,n.a.,n.a.,n.a.,n.a.

Ga.,0.0539,>,0,0.0539,>,0,12000,24000,n.a.,n.a.,4000

Hawaii,0.014,>,0,0.014,>,0,4400,8800,1144,2288,1144
"(m, t)",0.032,>,9600,0.032,>,19200
,0.055,>,14400,0.055,>,28800
,0.064,>,19200,0.064,>,38400
,0.068,>,24000,0.068,>,48000
,0.072,>,36000,0.072,>,72000
,0.076,>,48000,0.076,>,96000
,0.079,>,125000,0.079,>,250000
,0.0825,>,175000,0.0825,>,350000
,0.09,>,225000,0.09,>,450000
,0.1,>,275000,0.1,>,550000
,0.11,>,325000,0.11,>,650000

"Idaho (j, m, u)",0.05695,>,4673,0.05695,>,9346,15000,30000,n.a.,n.a.,n.a.

"Ill. (d, m, v)",0.0495,>,0,0.0495,>,0,n.a.,n.a.,2850,5700,2850

"Ind. (a, m, w)",0.03,>,0,0.03,>,0,n.a.,n.a.,1000,2000,1000

Iowa,0.038,>,0,0.038,>,0,n.a.,n.a.,$40 credit,$80 credit,$40 credit
"(a, h)"

Kans. ,0.052,>,0,0.052,>,0,3605,8240,9160,18320,2320
"(a, m)",0.0558,>,23000,0.0558,>,46000

Ky.,0.04,>,0,0.04,>,0,3270,6540,n.a.,n.a.,n.a.
"(a, d)"

La.,0.03,>,0,0.03,>,0,12500,25000,n.a.,n.a.,n.a.
(x)

Maine,0.058,>,0,0.058,>,0,15000,30000,5150,10300,$300 credit
"(u, y, bb)",0.0675,>,26800,0.0675,>,53600
,0.0715,>,63450,0.0715,>,126900

Md.,0.02,>,0,0.02,>,0,2700,5450,3200,6400,3200
"(a, m, n, z, aa)",0.03,>,1000,0.03,>,1000
,0.04,>,2000,0.04,>,2000
,0.0475,>,3000,0.0475,>,3000
,0.05,>,100000,0.05,>,150000
,0.0525,>,125000,0.0525,>,175000
,0.055,>,150000,0.055,>,225000
,0.0575,>,250000,0.0575,>,300000

"Mass. (bb, rr)",0.05,>,0,0.05,>,0,n.a.,n.a.,4400,8800,1000
,0.09,>,1083150,0.09,>,1083150

"Mich. (a, d)",0.0425,>,0,0.0425,>,0,n.a.,n.a.,5800,11600,5800

Minn. ,0.0535,>,0,0.0535,>,0,14950,29900,n.a.,n.a.,5200
"(d, bb, cc, oo)",0.068,>,32570,0.068,>,47620
,0.0785,>,106990,0.0785,>,189180
,0.0985,>,198630,0.0985,>,330410

Miss.,0.044,>,10000,0.044,>,10000,2300,4600,6000,12000,1500

Mo.,0.02,>,1313,0.02,>,1313,15000,30000,n.a,n.a,n.a
"(a, b, m, u, bb)",0.025,>,2626,0.025,>,2626
,0.03,>,3939,0.03,>,3939
,0.035,>,5252,0.035,>,5252
,0.04,>,6565,0.04,>,6565
,0.045,>,7878,0.045,>,7878
,0.047,>,9191,0.047,>,9191

Mont.,0.047,>,0,0.047,>,0,15000,30000,n.a,n.a,n.a
"(o, u, bb)",0.059,>,21100,0.059,>,42200

Nebr.,0.0246,>,0,0.0246,>,0,8600,17200,$171 credit,$342 credit,$171 credit
"(d, h, m, bb)",0.0351,>,4030,0.0351,>,8040
,0.0501,>,24120,0.0501,>,48250
,0.052,>,38870,0.052,>,77730

Nev.,none,,,none,,,n.a.,n.a.,n.a.,n.a.,n.a.

N.H.,none,,,none,,,n.a,n.a,n.a.,n.a.,n.a.

N.J. ,0.014,>,0,0.014,>,0,n.a.,n.a.,1000,2000,1500
(a),0.0175,>,20000,0.0175,>,20000
,0.035,>,35000,0.0245,>,50000
,0.05525,>,40000,0.035,>,70000
,0.0637,>,75000,0.05525,>,80000
,0.0897,>,500000,0.0637,>,150000
,0.1075,>,1000000,0.0897,>,500000
,,,,0.1075,>,1000000

N.M.,0.015,>,0,0.015,>,0,15000,30000,n.a.,n.a.,4000
"(m, o, u, jj)",0.032,>,5500,0.032,>,8000
,0.043,>,16500,0.043,>,25000
,0.047,>,33500,0.047,>,50000
,0.049,>,66500,0.049,>,100000
,0.059,>,210000,0.059,>,315000

N.Y.,0.04,>,0,0.04,>,0,8000,16050,n.a.,n.a.,1000
"(a, i)",0.045,>,8500,0.045,>,17150
,0.0525,>,11700,0.0525,>,23600
,0.055,>,13900,0.055,>,27900
,0.06,>,80650,0.06,>,161550
,0.0685,>,215400,0.0685,>,323200
,0.0965,>,1077550,0.0965,>,2155350
,0.103,>,5000000,0.103,>,5000000
,0.109,>,25000000,0.109,>,25000000

N.C.,0.0425,>,0,0.0425,>,0,12750,25500,n.a.,n.a.,n.a.

N.D.,0.0195,>,48475,0.0195,>,80975,15000,30000,n.a.,n.a.,n.a.
"(j, o, u)",0.025,>,244825,0.025,>,298075

Ohio,0.0275,>,26050,0.0275,>,26050,n.a.,n.a.,2400,4800,2400
"(a, j, dd, pp)",0.035,>,100000,0.035,>,100000

Okla. ,0.0025,>,0,0.0025,>,0,6350,12700,1000,2000,1000
(m),0.0075,>,1000,0.0075,>,2000
,0.0175,>,2500,0.0175,>,5000
,0.0275,>,3750,0.0275,>,7500
,0.0375,>,4900,0.0375,>,9800
,0.0475,>,7200,0.0475,>,14400

Ore.,0.0475,>,0,0.0475,>,0,2800,5600,$250 credit,$500 credit,$250 credit
"(a, b, d, h, m, bb, ee, nn)",0.0675,>,4400,0.0675,>,8800
,0.0875,>,11050,0.0875,>,22100
,0.099,>,125000,0.099,>,250000

Pa. (a),0.0307,>,0,0.0307,>,0,n.a.,n.a.,n.a.,n.a.,n.a.

R.I.,0.0375,>,0,0.0375,>,0,10900,21800,5100,10200,5100
"(d, bb, ff)",0.0475,>,79900,0.0475,>,79900
,0.0599,>,181650,0.0599,>,181650

S.C.,0,>,0,0,>,0,15000,30000,n.a.,n.a.,4790
"(d, o, u, bb, ll, qq)",0.03,>,3560,0.03,>,3560
,0.062,>,17830,0.062,>,17830

S.D.,none,,,none,,,n.a.,n.a.,n.a.,n.a.,n.a.

Tenn.,none,,,none,,,n.a.,n.a.,n.a.,n.a.,n.a.

Tex.,none,,,none,,,n.a.,n.a.,n.a.,n.a.,n.a.

"Utah (d, h, gg, ll)",0.0455,>,0,0.0455,>,0,$900 credit,"$1,800 credit",n.a.,n.a.,2046

Vt.,0.0335,>,0,0.0335,>,0,7400,14850,5100,10200,5100
"(j, n, hh, mm)",0.066,>,47900,0.066,>,79950
,0.076,>,116000,0.076,>,193300
,0.0875,>,242000,0.0875,>,294600

Va.,0.02,>,0,0.02,>,0,8500,17000,930,1860,930
(m)  ,0.03,>,3000,0.03,>,3000
,0.05,>,5000,0.05,>,5000
,0.0575,>,17000,0.0575,>,17000

"Wash. (n, ss)",7.0% on capital gains income only,,,7.0% on capital gains income only,,,270000,270000,n.a.,n.a.,n.a.

W.Va. ,0.0222,>,0,0.0222,>,0,n.a.,n.a.,2000,4000,2000
"(a, m)",0.0296,>,10000,0.0296,>,10000
,0.0333,>,25000,0.0333,>,25000
,0.0444,>,40000,0.0444,>,40000
,0.0482,>,60000,0.0482,>,60000

Wis.,0.035,>,0,0.035,>,0,13560,25110,700,1400,700
"(d, m, bb, ii)",0.044,>,14680,0.044,>,19580
,0.053,>,29370,0.053,>,39150
,0.0765,>,323290,0.0765,>,431060

Wyo.,none,,,none,,,n.a.,n.a.,n.a.,n.a.,n.a.

D.C.,0.04,>,0,0.04,>,0,15000,30000,n.a.,n.a.,n.a.
(u),0.06,>,10000,0.06,>,10000
,0.065,>,40000,0.065,>,40000
,0.085,>,60000,0.085,>,60000
,0.0925,>,250000,0.0925,>,250000
,0.0975,>,500000,0.0975,>,500000
,0.1075,>,1000000,0.1075,>,1000000

"(a) Local income taxes are excluded. Ten states have county- or city-level income taxes; the average effective rates expressed as a percentage of AGI within each jurisdiction (data for 2022, the latest year available, come from the IRS and U.S. Census Bureau) are: AL--0.09%; IN--0.49%; IA--0.09%; KY--1.31%; MD--2.51%; MI--0.18%; MO--0.21%; NY--1.68%; OH--1.49%; PA--1.07%. In CA, CO, DE, KS, NJ, OR, and WV some jurisdictions have payroll taxes, flat-rate wage taxes, or interest and dividend income taxes. See Jared Walczak, Janelle Fritts, and Maxwell James, “Local Income Taxes: A Primer,” Tax Foundation, February 23, 2023, https://taxfoundation.org/local-income-taxes-2023/."
(b) These states allow some or all of federal income tax paid to be deducted from state taxable income.
"(c) For single taxpayers with AGI not exceeding $25,999, the standard deduction is $3,000. This standard deduction amount is reduced by $25 for every additional $500 of AGI, not to fall below $2,500. For Married Filing Joint (MFJ) taxpayers with AGI not exceeding $25,999, the standard deduction is $8,500. This standard deduction amount is reduced by $175 for every additional $500 of AGI, not to fall below $5,000. For all taxpayers with AGI of $50,000 or less and claiming a dependent, the dependent exemption is $1,000. This amount is reduced to $500 per dependent for taxpayers with AGI above $50,000 and equal to or less than $100,000. For taxpayers with more than $100,000 in AGI, the dependent exemption is $300 per dependent."
(d) Standard deduction and/or personal exemption is adjusted annually for inflation. Inflation-adjusted amounts for tax year 2025 are shown.
(e) Arizona's standard deduction can be adjusted upward by an amount equal to 33 percent (as of TY 2024) of the amount the taxpayer would have claimed in charitable deductions if the taxpayer had claimed itemized deductions.
"(f) In lieu of a dependent exemption, Arizona offers a dependent tax credit of $100 per dependent under the age of 17 and $25 per dependent age 17 and older. The credit begins to phase out for taxpayers with federal adjusted gross income (FAGI) above $200,000 (single filers) or $400,000 (MFJ)."
"(g) Rates apply to individuals earning more than $89,600. A separate tax tables exist for individuals earning $89,600 or less, with rates of 2 percent on income greater than or equal to $5,300; 3 percent on income greater than or equal to $10,600; 3.4 percent on income greater than or equal to $15,100; and 3.9 percent on income greater than $25,000 but less than or equal to $89,600. "
(h) Standard deduction or personal exemption is structured as a tax credit.
"(i) Connecticut and New York have ""tax benefit recapture,"" by which many high-income taxpayers pay their top tax rate on all income, not just on amounts above the benefit threshold."
"(j) Bracket levels adjusted for inflation each year. Inflation-adjusted bracket widths for 2025 were not available as of publication, so table reflects 2024 inflation-adjusted bracket widths."
"(k) Exemption credits phase out for single taxpayers by $6 for each $2,500 of federal AGI above $237,035 and for MFJ filers by $12 for each $2,500 of federal AGI above $474,075. The credit cannot be reduced to below zero."
"(l) Rates include the additional mental health services tax at the rate of 1 percent on taxable income in excess of $1 million. Rates exclude a payroll tax of 1.1 percent to fund the state’s disability insurance program. Effecting as of TY 2024, there is no wage ceiling for this payroll tax, which means that the state’s top individual income tax rate on wage income becomes 14.4 percent."
"(m) State provides a state-defined personal exemption amount for each exemption available and/or deductible under the Internal Revenue Code. Under the Tax Cuts and Jobs Act, the personal exemption is set at $0 until 2026 but not eliminated. Because it is still available, these state-defined personal exemptions remain available in some states but are set to $0 in other states."
"(n) Standard deduction and/or personal exemption adjusted annually for inflation, but the 2025 inflation adjustment was not available at time of publication, so table reflects actual 2024 amount(s)."
"(o) Colorado, Montana, New Mexico, North Dakota, and South Carolina include the federal standard deduction in their income starting point."
"(p) Connecticut has a complex set of phaseout provisions. For each single taxpayer whose Connecticut AGI exceeds $56,500, the amount of the taxpayer's Connecticut taxable income to which the 2 percent tax rate applies shall be reduced by $1,000 for each $5,000, or fraction thereof, by which the taxpayer's Connecticut AGI exceeds said amount. Any such amount will have a tax rate of 4.5 percent instead of 2 percent. Each single taxpayer whose Connecticut AGI exceeds $105,000 shall pay an amount equal to $25 for each $5,000, or fraction thereof, by which the taxpayer's Connecticut AGI exceeds $105,000, up to a maximum payment of $250. Additionally, each single taxpayer whose Connecticut AGI exceeds $200,000 shall pay an amount equal to $90 for each $5,000, or fraction thereof, by which the taxpayer's Connecticut AGI exceeds $200,000 but is less than $500,000, and by an additional $50 for each $5,000, or fraction thereof, by which the taxpayer’s AGI exceeds $500,000, up to a maximum payment of $3,150. For each MFJ taxpayer whose Connecticut AGI exceeds $100,500, the amount of the taxpayer's Connecticut taxable income to which the 2 percent tax rate applies shall be reduced by $2,000 for each $5,000, or fraction thereof, by which the taxpayer's Connecticut AGI exceeds said amount. Any such amount of Connecticut taxable income to which, as provided in the preceding sentence, the 2 percent tax rate does not apply shall be an amount to which the 4.5 percent tax rate shall apply. Each MFJ filer whose Connecticut AGI exceeds $210,000 shall pay an amount equal to $50 for each $10,000, or fraction thereof, by which the taxpayer's Connecticut AGI exceeds $210,000, up to a maximum payment of $500. Additionally, each MFJ taxpayer whose Connecticut AGI exceeds $400,000 shall pay, in addition to the amount above, an amount equal to $180 for each $10,000, or fraction thereof, by which the taxpayer's Connecticut AGI exceeds $400,000, up to a maximum of $5,400, and a further $100 for each $10,000, or fraction thereof, by which Connecticut AGI exceeds $1 million, up to a combined maximum payment of $6,300."
(q) Connecticut taxpayers are also given personal tax credits (1-75%) based upon adjusted gross income.
"(r) Connecticut's personal exemption phases out by $1,000 for each $1,000, or fraction thereof, by which a single filer's Connecticut AGI exceeds $30,000 and a MFJ filer's Connecticut AGI exceeds $48,000."
"(s) In addition to the individual income tax rates, Delaware imposes a tax on lump-sum distributions."
"(t) Additionally, Hawaii allows any taxpayer, other than a corporation, acting as a business entity in more than one state and required by law to file a return, to report and pay a tax of 0.5 percent of its annual gross sales (1) where the taxpayer's only activities in Hawaii consist of sales, (2) when the taxpayer does not own or rent real estate or tangible personal property, and (3) when the taxpayer’s annual gross sales in or into Hawaii do not exceed $100,000. Haw. Rev. Stat. § 235-51 (2015)."
"(u) Deduction and/or exemption tied to federal tax system. Federal deductions and exemptions are indexed for inflation, and where applicable, the tax year 2025 inflation-adjusted amounts are shown. "
"(v) As of June 1, 2017, taxpayers cannot claim the personal exemption if their adjusted gross income exceeds $250,000 (single filers) or $500,000 (MFJ)."
"(w) $1,000 is a base exemption. If dependents meet certain conditions, filers can take an additional $1,500 exemption for each. If a taxpayer is claiming a child as a dependent for the first taxable year in which the exemption is allowed, the taxpayer is now permitted to claim an amount of $3,000, instead of $1,500."
(x) Standard deduction will be adjusted for inflation beginning in 2026.
"(y) Maine's personal exemption begins to phase out for taxpayers with income exceeding $323,900 (single filers) or $388,650 (MFJ). These phaseout thresholds are adjusted annually for inflation, but 2025 inflation adjustments were not available at the time of publication. The standard deduction amounts for 2025 are phased out for taxpayers with Maine income over $100,000 (single filers) or $200,050 (MFJ). The dependent personal exemption is structured as a tax credit and begins to phase out for taxpayers with income exceeding $200,000 (head of household) or $400,000 (married filing jointly)."
"(z) The standard deduction is 15 percent of income with a minimum of $1,800 and a cap of $2,700 for single filers and married filing separately filers. The standard deduction is a minimum of $3,650 and capped at $5,450 for MFJ filers, head of household filers, and qualifying surviving spouses. The minimum and maximum standard deduction amounts are adjusted annually for inflation. 2025 inflation-adjusted amounts were not announced as of publication, so 2024 inflation-adjusted amounts are shown."
"(aa) The exemption amount has the following phaseout schedule: If AGI is above $100,000 for single filers and above $150,000 for married filers, the $3,200 exemption begins to be phased out. If AGI is above $150,000 for single filers and above $200,000 for married filers, the exemption is phased out entirely."
(bb) Bracket levels adjusted for inflation each year. Inflation-adjusted bracket levels for 2025 are shown. 
"(cc) For taxpayers whose AGI exceeds $119,475 (married filing separately) or $238,950 (all other filers), Minnesota’s standard deduction is reduced by 3 percent of the excess of the taxpayer’s federal AGI over the applicable amount but not over $165,150 (married filing separately) or $330,300 (all other filers), plus 10 percent of the taxpayer's federal adjusted gross income over the second threshold, or 80 percent of the standard deduction otherwise allowable, whichever is less."
"(dd) Ohio's personal exemption is $2,400 for an AGI of $40,000 or less, $2,150 if AGI is more than $40,000 but less than or equal to $80,000, and $1,900 if AGI is greater than $80,000. "
"(ee) The personal exemption credit is not allowed if federal AGI exceeds $100,000 for single filers or $200,000 for MFJ."
"(ff) The phaseout range for the standard deduction, personal exemption, and dependency exemption is $254,250 to $283,250. For taxpayers with modified Federal AGI exceeding $283,250, no standard deduction, personal exemption, or dependency exemption is available."
"(gg) The standard deduction is taken in the form of a nonrefundable credit of 6 percent of the federal standard or itemized deduction amount, excluding the deduction for state or local income tax. This credit phases out at 1.3 cents per dollar of AGI above $17,652 ($35,304 for MFJ) as of 2024."
"(hh) For taxpayers with federal AGI that exceeds $150,000, the taxpayer will pay the greater of state income tax or 3 percent of federal AGI."
"(ii) The standard deduction begins to phase out at $19,549 in income for single filers and $28,209 in income for joint filers. The standard deduction phases out to zero at $132,549 for single filers and $155,169 for joint filers."
"(jj) In lieu of the suspended personal exemption, New Mexico offers a deduction of $4,000 for all but one of a taxpayer’s dependents."
"(kk) Taxpayers with net income greater than or equal to $89,600 but not greater than $92,700 shall reduce the amount of tax due by deducting a bracket adjustment amount. "
"(ll) The dependent deduction/exemption is adjusted annually for inflation, but the 2025 amount was not available at the time of publication, so the 2024 amount is shown."
"(mm) Taxpayers also receive an additional deduction of $1,200 for each standard deduction box checked on federal Form 1040."
(nn) California and Oregon do not fully index their top brackets.
"(oo) Minnesota has a surtax on individuals, estates, and trusts equal to 1% of net investment income over $1 million."
(pp) Ohio's personal exemption is adjusted periodically based on changes in the GDP deflator. 
(qq) South Carolina's withholding tables for 2025 assume a top marginal rate of 6.2 percent.
"(rr) In Massachusetts, rates exclude the paid family and medical leave payroll tax. Employers must withhold 0.46 percent of employees' eligible wages. Additionally, employers with 25 or more employees contribute an extra 0.42 percent of eligible wages."
"(ss) In Washington, the rate excludes the 0.58 percent payroll tax that funds the long-term care insurance program (WA Cares). Employers withhold this tax from employees' gross wages.  "
